{
  "values": [
    -0.433432,
    0.22926,
    -0.151816,
    -0.505813,
    -0.526729,
    -0.656913,
    -0.427886,
    -0.459032,
    0,
    -0.274379,
    0.216113,
    0.11195,
    0.048609,
    -0.507965,
    -0.352632,
    -0.786887,
    -0.736939,
    0,
    -0.43664,
    0,
    0,
    -0.411013,
    -0.000199795,
    -0.634333,
    -0.118889,
    0.556207,
    0,
    -0.283294,
    -0.432883,
    -0.297084,
    0.26331,
    0.531269,
    -0.765156,
    0,
    -0.84951,
    0.622158,
    0.699736,
    0.372207,
    0.497662,
    -0.085261,
    0.310611,
    0.129655,
    0.720096,
    0,
    0.0264959,
    0,
    -0.649536,
    0.318877,
    -0.278032,
    0,
    0,
    -0.435977,
    0,
    -0.519584,
    -0.277804,
    0.405317,
    -0.211654,
    0.39354,
    -0.387904,
    0.046801,
    -0.357258,
    0.0289011,
    -0.00108495
  ],
  "mean": -0.10674198007936507
}